[
  {
    "id": "100590c8-df93-48ec-86f2-1f553f310248",
    "data": [
      {
        "text": "I would like to ",
        "userDefined": false
      },
      {
        "text": "answer_exit",
        "alias": "any",
        "meta": "@sys.any",
        "userDefined": true
      }
    ],
    "isTemplate": false,
    "count": 0,
    "updated": 0
  },
  {
    "id": "9b3812a2-d27a-4517-a7ac-bfc87f8c02e1",
    "data": [
      {
        "text": "answer_exit",
        "alias": "age",
        "meta": "@sys.age",
        "userDefined": true
      },
      {
        "text": " I want to continue",
        "userDefined": false
      }
    ],
    "isTemplate": false,
    "count": 0,
    "updated": 0
  },
  {
    "id": "38377087-007d-4eb1-9e0b-e2b761a1498a",
    "data": [
      {
        "text": "answer_exit",
        "alias": "any",
        "meta": "@sys.any",
        "userDefined": true
      },
      {
        "text": " I want to sleep now",
        "userDefined": false
      }
    ],
    "isTemplate": false,
    "count": 0,
    "updated": 0
  },
  {
    "id": "20a6a29b-7a2c-455c-970f-e3fa71ea0e87",
    "data": [
      {
        "text": "I think the answer is ",
        "userDefined": false
      },
      {
        "text": "answer_exit",
        "alias": "any",
        "meta": "@sys.any",
        "userDefined": true
      }
    ],
    "isTemplate": false,
    "count": 0,
    "updated": 0
  },
  {
    "id": "1edbacec-cbe8-4e4f-ab42-4a5df1ddb1b3",
    "data": [
      {
        "text": "answer_exit",
        "alias": "any",
        "meta": "@sys.any",
        "userDefined": true
      }
    ],
    "isTemplate": false,
    "count": 0,
    "updated": 0
  }
]