[
  {
    "id": "6c9c3e59-6734-42c7-b2a5-52c6903ffb10",
    "data": [
      {
        "text": "I want to here ",
        "userDefined": false
      },
      {
        "text": "genre",
        "alias": "genre-types",
        "meta": "@genre-types",
        "userDefined": true
      }
    ],
    "isTemplate": false,
    "count": 0,
    "updated": 0
  },
  {
    "id": "57115456-7702-4613-b5cc-f4b49544fd95",
    "data": [
      {
        "text": "I love ",
        "userDefined": false
      },
      {
        "text": "genre",
        "alias": "genre-types",
        "meta": "@genre-types",
        "userDefined": true
      },
      {
        "text": " stories",
        "userDefined": false
      }
    ],
    "isTemplate": false,
    "count": 0,
    "updated": 0
  },
  {
    "id": "bd4164c5-0369-414d-b600-457990dea247",
    "data": [
      {
        "text": "I want ",
        "userDefined": false
      },
      {
        "text": "genre",
        "alias": "genre-types",
        "meta": "@genre-types",
        "userDefined": true
      }
    ],
    "isTemplate": false,
    "count": 0,
    "updated": 0
  },
  {
    "id": "67400d97-5717-4133-89d8-06f826c21b95",
    "data": [
      {
        "text": "I want ",
        "userDefined": false
      },
      {
        "text": "genre",
        "alias": "genre-types",
        "meta": "@genre-types",
        "userDefined": true
      },
      {
        "text": " story",
        "userDefined": false
      }
    ],
    "isTemplate": false,
    "count": 0,
    "updated": 0
  },
  {
    "id": "59c10ea2-b545-465c-9956-7dd9c13c3fcf",
    "data": [
      {
        "text": "I want to hear ",
        "userDefined": false
      },
      {
        "text": "genre",
        "alias": "genre-types",
        "meta": "@genre-types",
        "userDefined": true
      },
      {
        "text": " story",
        "userDefined": false
      }
    ],
    "isTemplate": false,
    "count": 0,
    "updated": 0
  },
  {
    "id": "1be5188f-c8b1-4e7a-b1ca-0158a634dd68",
    "data": [
      {
        "text": "genre",
        "alias": "genre-types",
        "meta": "@genre-types",
        "userDefined": true
      },
      {
        "text": " story",
        "userDefined": false
      }
    ],
    "isTemplate": false,
    "count": 0,
    "updated": 0
  },
  {
    "id": "bc214851-ccd8-49c6-9964-ddd31a585045",
    "data": [
      {
        "text": "how about ",
        "userDefined": false
      },
      {
        "text": "genre",
        "alias": "genre-types",
        "meta": "@genre-types",
        "userDefined": true
      }
    ],
    "isTemplate": false,
    "count": 0,
    "updated": 0
  },
  {
    "id": "c0d43c35-b4e8-4b71-84da-e059343daf02",
    "data": [
      {
        "text": "genre",
        "alias": "genre-types",
        "meta": "@genre-types",
        "userDefined": true
      }
    ],
    "isTemplate": false,
    "count": 0,
    "updated": 0
  }
]