[
  {
    "id": "1c12e156-c54a-4e8d-a143-6d9b6726580a",
    "data": [
      {
        "text": "My ",
        "userDefined": false
      },
      {
        "text": "name",
        "meta": "@sys.ignore",
        "userDefined": true
      },
      {
        "text": " is ",
        "userDefined": false
      },
      {
        "text": "name",
        "alias": "name",
        "meta": "@sys.person",
        "userDefined": true
      }
    ],
    "isTemplate": false,
    "count": 0,
    "updated": 0
  },
  {
    "id": "a413e482-9e78-4d00-9997-975908aabc95",
    "data": [
      {
        "text": "name",
        "alias": "name",
        "meta": "@sys.person",
        "userDefined": true
      }
    ],
    "isTemplate": false,
    "count": 0,
    "updated": 0
  },
  {
    "id": "abb90fb9-0611-4dc9-8664-7383edd3c79a",
    "data": [
      {
        "text": "I am ",
        "userDefined": false
      },
      {
        "text": "name",
        "alias": "name",
        "meta": "@sys.person",
        "userDefined": true
      }
    ],
    "isTemplate": false,
    "count": 0,
    "updated": 0
  },
  {
    "id": "9ead2b93-1c2d-4b58-bfe8-5b87d88956cb",
    "data": [
      {
        "text": "you can call me ",
        "userDefined": false
      },
      {
        "text": "name",
        "alias": "name",
        "meta": "@sys.person",
        "userDefined": true
      }
    ],
    "isTemplate": false,
    "count": 0,
    "updated": 0
  },
  {
    "id": "5d8ced91-9049-4547-b409-67aa97261f6c",
    "data": [
      {
        "text": "name",
        "alias": "name",
        "meta": "@sys.person",
        "userDefined": true
      },
      {
        "text": " is my name",
        "userDefined": false
      }
    ],
    "isTemplate": false,
    "count": 0,
    "updated": 0
  }
]